head,
accepter,
agir,
aimer,
annoncer,
actuel,
autour,
accumuler,
amoureux,
ambitieux,
arranger,
approfondir,
auparavant,
absolument,
autrement,
avril,
améliorer,
apprécier,
attendre,
appeler,
arriver,
accusé,
aîné,
admirer,
automatique,
approprier,
acceptable,
atomique,
antérieur,
afficher,
autonome,
accompagner,
abandonner,
adresser,
attirer,
appliquer,
anglais,
assurer,
appartenir,
assez,
apprendre,
apporter,
atteindre,
ajouter,
ailleurs,
américain,
autant,
ancien,
autoritaire,
aimable,
anormal,
appliqué,
amusant,
apparent,
allonger,
axer,
alléger,
attester,
attraper,
augmenter,
allemand,
arbitraire,
apte,
arrière,
accroître,
aborder,
adapter,
approcher,
adulte,
adorer,
abattre,
arracher,
aussitôt,
autrefois,
avouer,
armé,
achever,
approuver,
annuel,
annuler,
absent,
accélérer,
armer,
alimentaire,
afin,
aider,
arrêter,
avancer,
administrer,
ah,
associer,
août,
attribuer,
allouer,
ajourner,
atroce,
ancrer,
agrandir,
audiovisuel,
aménager,
anéantir,
alourdir,
affreux,
arrivé,
avantageux,
administratif,
assumer,
apercevoir,
animer,
adéquat,
artistique,
aspirer,
assimiler,
approprié,
articuler,
amplifier,
assurément,
acquis,
appréhender,
amer,
avoir,
avec,
autre,
avant,
aussi,
aller,
aucun,
alors,
après,
ainsi,
accrocher,
agréable,
attentif,
artificiel,
amorcer,
abaisser,
acquitter,
abriter,
applaudir,
asiatique,
atténuer,
affronter,
allié,
applicable,
assortir,
allier,
amical,
acheminer,
ajuster,
aucunement,
alternatif,
advenir,
antique,
analogue,
analyser,
actif,
absolu,
accomplir,
attacher,
asseoir,
aboutir,
affecter,
aviser,
aisé,
atlantique,
activer,
alerter,
accompli,
assigner,
autrui,
authentique,
attentivement,
adieu,
aggraver,
alimenter,
absurde,
amuser,
affaiblir,
appuyer,
autoriser,
auprès,
acheter,
amener,
accorder,
adopter,
admettre,
assister,
affirmer,
apparaître,
adhérer,
apprêter,
additionnel,
anonyme,
accentuer,
allumer,
abolir,
apaiser,
activement,
abstenir,
apparemment,
aérien,
accéder,
agricole,
acquérir,
accuser,
accueillir,
audacieux,
alentour,
abonné,
aligner,
absorber,
agiter,
accessible,
annexe,
abuser,
aveugle,
anticiper,
avertir,
bref,
briller,
bouleverser,
bancaire,
beaucoup,
bizarre,
brut,
biologique,
brutal,
blanc,
battre,
beau,
baigner,
basque,
brouiller,
brandir,
baptiser,
bienvenu,
bloquer,
bien,
blesser,
bâtir,
bas,
boucler,
blâmer,
blindé,
barbare,
bénéfique,
bombarder,
brutalement,
basculer,
bannir,
boire,
bouger,
bilatéral,
brusquement,
bénévole,
bosser,
balancer,
bravo,
borner,
blond,
bien,
bon,
bénéficiaire,
briser,
brûler,
bonjour,
budgétaire,
brancher,
brièvement,
bientôt,
bleu,
bénéficier,
banal,
barrer,
bonsoir,
bousculer,
baisser,
balayer,
baser,
blessé,
chez,
choisir,
comment,
ci,
considérer,
changer,
cinq,
charger,
court,
convaincre,
confondre,
curieux,
creuser,
caractériser,
calmer,
considérablement,
correctement,
collaborer,
coller,
clandestin,
complètement,
confirmer,
certes,
contribuer,
contenir,
consister,
contrôler,
certainement,
contenter,
citoyen,
citer,
causer,
concevoir,
certain,
continuer,
contre,
croire,
connaître,
commencer,
compter,
chaque,
car,
correct,
chimique,
combiner,
croître,
contraindre,
célébrer,
conformément,
croiser,
casser,
courageux,
constater,
ceci,
consacrer,
commun,
construire,
combien,
courant,
chacun,
concerner,
créer,
chercher,
clair,
cependant,
concrètement,
copier,
croisé,
consultatif,
crédible,
cher,
couper,
concentrer,
composer,
confier,
condamner,
capital,
conclure,
contrer,
confus,
considérable,
communiquer,
comparer,
conscient,
céder,
catholique,
consulter,
calculer,
compromettre,
chasser,
corriger,
critiquer,
concret,
communiste,
célèbre,
cinquième,
compléter,
censé,
consommer,
cultiver,
classer,
croissant,
cesser,
conduire,
constituer,
craindre,
conférer,
cerner,
comparaître,
concéder,
continental,
caresser,
couramment,
craquer,
clarifier,
correspondre,
coupable,
courir,
culturel,
claquer,
capturer,
civique,
confiner,
cuire,
camoufler,
comique,
connecter,
croyant,
chuter,
confiant,
communautaire,
chanter,
clore,
content,
classique,
chaud,
confronter,
compliquer,
chrétien,
coter,
cynique,
coïncider,
conditionnel,
conjointement,
concrétiser,
ce,
comme,
celui,
cela,
comprendre,
coordonner,
crucial,
consécutif,
compétent,
cohérent,
coincer,
continu,
convertir,
chinois,
conservateur,
crier,
contester,
combler,
compliqué,
cruel,
célibataire,
contredire,
conformer,
convenable,
controversé,
contrarier,
collectif,
clairement,
climatique,
confidentiel,
civiliser,
contacter,
chier,
chiffrer,
carrément,
coopérer,
charmant,
constructif,
convaincant,
capter,
concerter,
confortable,
concilier,
convoquer,
choquer,
conforme,
couler,
contemporain,
constamment,
compenser,
commercial,
critique,
cacher,
complexe,
commander,
conseiller,
complet,
coûter,
central,
canadien,
capable,
conserver,
couvrir,
cibler,
conventionnel,
coûteux,
contracter,
carré,
contourner,
conquérir,
contaminer,
conséquent,
circuler,
calme,
constant,
contrairement,
convenir,
combattre,
comporter,
commettre,
chaleureux,
consolider,
contrevenant,
coder,
colonial,
centrer,
corrompre,
couronner,
compétitif,
concurrentiel,
comparable,
commenter,
cinquante,
difficile,
déclarer,
diriger,
disposer,
double,
débuter,
dater,
debout,
dramatique,
danser,
défaire,
dominant,
dit,
deviner,
désormais,
dur,
déposer,
destiner,
donc,
devenir,
décider,
dès,
devant,
diplomatique,
disputer,
déjeuner,
déranger,
décevant,
dessous,
discret,
déboucher,
détailler,
distinct,
dresser,
déclencher,
drôle,
dangereux,
déplacer,
davantage,
discuter,
demeurer,
divers,
désigner,
dépendre,
durant,
différent,
dix,
défendre,
dixième,
déménager,
différencier,
décent,
décéder,
différemment,
dorénavant,
derrière,
direct,
demain,
directement,
décembre,
développer,
déduire,
défier,
deuxièmement,
décliner,
démentir,
déterminant,
dépêcher,
divin,
diminuer,
démontrer,
diviser,
douter,
dîner,
digne,
dessus,
dominer,
douze,
définitif,
détourner,
dépenser,
détenir,
doux,
dynamique,
désoler,
dessiner,
deuxième,
disparaître,
dériver,
déléguer,
démissionner,
décharger,
doré,
dérouler,
dénoncer,
distant,
défavorable,
décoller,
dépouiller,
détériorer,
désastreux,
décerner,
démographique,
dévouer,
droguer,
delà,
déformer,
délinquant,
desservir,
distinguer,
dormir,
délicat,
défiler,
démocrate,
déceler,
domestique,
décréter,
déterminé,
dissiper,
dérober,
déplaire,
diversifier,
désireux,
de,
dans,
dire,
devoir,
donner,
deux,
déjà,
dont,
demander,
dernier,
depuis,
déplorer,
démarrer,
différer,
découler,
décisif,
détester,
décourager,
détacher,
doucement,
durement,
durable,
diffuser,
dépendant,
difficilement,
délibérer,
dissoudre,
défini,
désespéré,
disponible,
dehors,
dimanche,
dégager,
décevoir,
démocratique,
désirer,
détendre,
défavoriser,
dédier,
détecter,
délibérément,
débloquer,
désespérer,
délivrer,
dicter,
douloureux,
définir,
détruire,
déterminer,
durer,
découvrir,
dépasser,
décrocher,
disperser,
déchirer,
débrouiller,
descendant,
descendre,
déployer,
doter,
doubler,
distribuer,
décrire,
déguiser,
découper,
dégrader,
dispenser,
dévoiler,
débarquer,
dedans,
déborder,
dissimuler,
débarrasser,
débattre,
expliquer,
ensuite,
exister,
envoyer,
entraîner,
excessif,
effacer,
enfoncer,
encontre,
ensemble,
entendre,
eux,
embarquer,
exclusivement,
extraire,
exploser,
enseigner,
employer,
exiger,
essayer,
empêcher,
entrer,
enfin,
est,
envelopper,
expérimental,
esthétique,
enchaîner,
enquêter,
effrayer,
expédier,
envisager,
exactement,
euh,
encaisser,
embaucher,
externe,
endormir,
explicite,
entourer,
extrêmement,
effectivement,
enfermer,
entamer,
enrichir,
eh,
emmener,
engager,
espérer,
européen,
entier,
exprimer,
ennuyer,
excéder,
enclin,
encourager,
exclure,
exciter,
ensuivre,
expérimenter,
exprès,
escompter,
enchanter,
exiler,
exploiter,
effectif,
explosif,
entrevoir,
en,
et,
elle,
encore,
entre,
encadrer,
enterrer,
explorer,
exécutif,
exécuter,
excuser,
exigeant,
emprisonner,
entraver,
enlever,
excellent,
enregistrer,
efficace,
exceptionnel,
extrême,
entièrement,
enthousiaste,
efficacement,
erroné,
explicitement,
essuyer,
exporter,
exagérer,
exclusif,
envahir,
existant,
exposer,
exercer,
effectuer,
estimer,
essentiel,
environ,
exhorter,
expulser,
examiner,
emprunter,
emporter,
exact,
envers,
entreprendre,
etc,
entretenir,
englober,
exportateur,
encourageant,
ethnique,
engendrer,
français,
finir,
faux,
ferme,
fort,
formidable,
filer,
fumer,
fréquent,
fragile,
forcément,
faible,
fournir,
frapper,
forcer,
fermer,
foncier,
flou,
favori,
facile,
fédéral,
figurer,
finalement,
fermé,
fréquenter,
féminin,
familial,
fiscal,
fameux,
former,
fréquemment,
fouiller,
formé,
frustrer,
féroce,
favoriser,
favorable,
final,
franchir,
forestier,
ferroviaire,
figer,
forger,
fasciner,
filmer,
fidèle,
faciliter,
faillir,
flotter,
faire,
falloir,
fixe,
fatiguer,
fêter,
formuler,
fuir,
fermement,
fâcher,
fabriquer,
fondamental,
fier,
fou,
furieux,
fatal,
flagrant,
fondre,
fonctionnel,
formel,
franc,
fonder,
fixer,
financier,
frais,
francophone,
familier,
féliciter,
financer,
fortement,
février,
fonctionner,
facilement,
fantastique,
filial,
fiable,
freiner,
fondé,
franchement,
gagner,
garder,
gêner,
gratuit,
généraliser,
gravement,
général,
gris,
grimper,
gâcher,
génial,
gigantesque,
guère,
guider,
généreux,
gouverner,
gros,
grave,
gonfler,
gratuitement,
guetter,
graphique,
geler,
grandissant,
grand,
gentil,
grandir,
géographique,
globalement,
goûter,
génétiquement,
garantir,
gérer,
gras,
grossier,
glisser,
gauche,
guérir,
générer,
généralement,
global,
grossir,
génétique,
haut,
honnête,
habituer,
hériter,
heurter,
hausser,
heureux,
harmoniser,
humble,
hanter,
hé,
hors,
hier,
huit,
honorable,
humanitaire,
heureusement,
hésiter,
hein,
hautement,
hebdomadaire,
humide,
hum,
ha,
hisser,
hâter,
huitième,
hormis,
handicaper,
habiller,
honorer,
habituel,
hurler,
hélas,
historique,
horrible,
homologue,
habiter,
hostile,
important,
international,
interdire,
intéresser,
indiquer,
inverse,
intituler,
insuffisant,
inévitable,
influencer,
inscrire,
interroger,
ici,
intéressé,
infliger,
inhabituel,
instaurer,
isolé,
illégal,
inacceptable,
identique,
intermédiaire,
initial,
intervenir,
importer,
irrégulier,
insensé,
incomber,
intégral,
intolérable,
inhérent,
influer,
immédiatement,
installer,
imaginer,
insister,
incompatible,
imiter,
indirect,
investir,
interne,
invoquer,
inutile,
interpréter,
introduire,
issu,
innocent,
imposer,
interpeller,
intime,
induire,
instituer,
imminent,
imaginaire,
inexistant,
inaugurer,
injecter,
idéal,
identifier,
inconnu,
interrompre,
insensible,
inonder,
insignifiant,
inchangé,
intensif,
informé,
intimider,
intact,
incliner,
imputer,
individuel,
isoler,
incarner,
initier,
improbable,
impatient,
infiniment,
indigène,
indirectement,
innombrable,
inédit,
il,
inférieur,
illustrer,
inventer,
inquiétant,
inclure,
invisible,
inattendu,
itinéraire,
interdit,
immobile,
immigrer,
insupportable,
improviser,
ironique,
intéressant,
immédiat,
inspirer,
informer,
inquiet,
inquiéter,
irréversible,
initialement,
idéologique,
instruire,
incorporer,
insérer,
impuissant,
intelligent,
injuste,
informatique,
indépendant,
inviter,
ignorer,
impossible,
incertain,
immobilier,
implanter,
impératif,
indispensable,
immense,
intégrer,
intellectuel,
impliquer,
industriel,
inconscient,
instable,
indifférent,
inverser,
impressionner,
imprimer,
inciter,
incroyable,
intense,
jouer,
jusque,
jeune,
jamais,
juste,
juger,
justifier,
joli,
juridique,
jadis,
judiciaire,
je,
jeter,
joindre,
juillet,
justement,
joyeux,
jaune,
juin,
janvier,
jeudi,
jurer,
long,
lorsque,
lire,
lancer,
librement,
lointain,
lourd,
lutter,
libéral,
lundi,
là,
laisser,
lentement,
légitime,
longtemps,
loin,
libre,
logiquement,
lasser,
lever,
limiter,
louer,
légèrement,
littéraire,
lors,
lier,
législatif,
loyal,
lourdement,
latin,
laver,
liquide,
liquider,
lumineux,
le,
leur,
lui,
lequel,
lendemain,
léger,
largement,
léguer,
linguistique,
lent,
livrer,
large,
local,
littéralement,
libérer,
loger,
longuement,
légal,
lâcher,
mieux,
mort,
mot,
mal,
mauvais,
mondial,
manquer,
militant,
mortel,
mélanger,
modifier,
mardi,
malade,
merci,
montrer,
moi,
maintenant,
meilleur,
maternel,
mutuel,
mentir,
magnifique,
mien,
mental,
mourir,
mener,
moderniser,
mou,
masquer,
monter,
mars,
masculin,
marcher,
modeste,
médical,
maîtriser,
malheureux,
marier,
multiple,
malgré,
marquer,
maintenir,
mathématique,
miner,
manipuler,
multinational,
maltraiter,
militer,
minimum,
malin,
minimiser,
murmurer,
minier,
modéré,
miser,
menaçant,
mentionner,
maigre,
magique,
mince,
ménager,
mettre,
mais,
même,
mon,
me,
moins,
mobiliser,
mixte,
mécanique,
mêler,
multiplier,
mystérieux,
moquer,
mensuel,
manuscrit,
moderne,
majeur,
manger,
mutuellement,
mépriser,
majoritaire,
minoritaire,
mordre,
médiatique,
marginal,
modérer,
minime,
maritime,
mai,
manifester,
menacer,
militaire,
manuel,
musical,
maximal,
méchant,
motiver,
manifestement,
minimal,
monétaire,
massif,
moindre,
mesurer,
mériter,
maximum,
mercredi,
muet,
médiocre,
mécontent,
municipal,
merveilleux,
mineur,
national,
ni,
noter,
noir,
nord,
nuire,
neutre,
naturel,
neuf,
nombreux,
néfaste,
nettoyer,
nul,
normal,
nerveux,
notable,
négatif,
numérique,
négocier,
normalement,
nôtre,
nettement,
notamment,
nécessaire,
nominal,
noble,
nocturne,
notoire,
négligeable,
ne,
nous,
nouveau,
notre,
non,
nu,
nouer,
nourrir,
néanmoins,
net,
naïf,
noyer,
naviguer,
nullement,
natal,
négliger,
novembre,
nommer,
naître,
nier,
naval,
nationaliste,
nécessiter,
offrir,
ouvrir,
oui,
oublier,
opposer,
onze,
occuper,
optimiste,
orienter,
organiser,
observer,
obtenir,
obscur,
octobre,
ouvert,
oser,
ouest,
obliger,
occasionner,
odieux,
organique,
original,
opter,
on,
ou,
où,
obéir,
ouais,
ordonner,
occupant,
opportun,
opérer,
ordinaire,
oh,
octroyer,
obligatoire,
outre,
officiel,
originaire,
optique,
olympique,
opposant,
omettre,
opérationnel,
ouvertement,
obligé,
présenter,
présent,
plusieurs,
poser,
près,
puis,
propre,
perdre,
plutôt,
paraître,
puisque,
partager,
placer,
payer,
parent,
public,
parvenir,
partout,
préférer,
protester,
préalable,
programmer,
privilégier,
promener,
pénal,
passionner,
proclamer,
pardonner,
proprement,
provoquer,
porter,
parler,
penser,
petit,
permettre,
partir,
possible,
pourquoi,
persister,
pointer,
progressif,
présumer,
punir,
provincial,
probable,
plastique,
parallèle,
posséder,
prononcer,
protéger,
pire,
préciser,
publier,
pousser,
proposer,
produire,
préparer,
prochain,
particulier,
parmi,
plein,
personnel,
photographier,
préventif,
présentement,
précaire,
prôner,
propager,
prestigieux,
plaire,
précédent,
proche,
promettre,
primordial,
piquer,
protégé,
prolonger,
prudent,
provenir,
peser,
parfait,
purement,
projeter,
présider,
pleinement,
promouvoir,
profondément,
pratiquement,
prier,
pur,
percevoir,
persuader,
procurer,
parcourir,
provisoire,
parfois,
prêt,
prévoir,
pourtant,
poursuivre,
principal,
presque,
priver,
préliminaire,
peiner,
protestant,
proportionnel,
perpétuel,
privé,
précéder,
pareil,
performant,
pessimiste,
plénier,
périr,
progressiste,
protecteur,
polémique,
piéger,
pendre,
philosophique,
parer,
plaisanter,
poétique,
progresser,
partiel,
préférable,
peindre,
précédemment,
publicitaire,
pis,
premièrement,
prévisible,
pleuvoir,
pénaliser,
pas,
pour,
plus,
pouvoir,
par,
prendre,
premier,
pendant,
passer,
peu,
planter,
précipiter,
piloter,
prédire,
propice,
panique,
prioritaire,
préconiser,
préserver,
presser,
plonger,
préoccuper,
primitif,
pertinent,
puiser,
purger,
prochainement,
pâle,
ponctuel,
passionnant,
privilégié,
prévenir,
parlementaire,
puissant,
pratiquer,
précieux,
permanent,
populaire,
plaindre,
parier,
pêcher,
partiellement,
portable,
précoce,
planer,
prétendu,
prélever,
problématique,
planifier,
productif,
primaire,
parisien,
plaider,
pacifique,
probablement,
prêter,
positif,
professionnel,
prouver,
profiter,
précis,
participer,
pauvre,
prématuré,
pourvoir,
parallèlement,
prévaloir,
passif,
plier,
postal,
perturber,
prometteur,
percer,
physiquement,
prescrire,
paralyser,
peupler,
pénible,
potentiel,
pencher,
procéder,
physique,
parfaitement,
prétendre,
profond,
précisément,
perpétuer,
poster,
publiquement,
présidentiel,
prévu,
pleurer,
perdu,
rappeler,
reconnaître,
retrouver,
refuser,
réussir,
représenter,
responsable,
retenir,
rapidement,
réduire,
riche,
ridicule,
regrouper,
recommencer,
renseigner,
rejoindre,
remonter,
renvoyer,
regretter,
réagir,
réfléchir,
ramener,
remettre,
rien,
revenir,
recevoir,
répondre,
repérer,
rural,
républicain,
revendiquer,
ranger,
réaliste,
ravir,
rose,
rigoureux,
revêtir,
repousser,
reproduire,
radical,
rédiger,
réformiste,
réjouir,
repartir,
retarder,
répartir,
réveiller,
remplir,
résoudre,
reposer,
reprendre,
risquer,
rencontrer,
relever,
relater,
rayer,
rouvrir,
réconcilier,
redire,
repenser,
radicalement,
rectifier,
ruiner,
révéler,
réunir,
remarquer,
raconter,
réformer,
reléguer,
rival,
refermer,
reconstituer,
réputé,
rationnel,
récolter,
réfugier,
relativement,
réellement,
reprocher,
ressentir,
répandre,
restreindre,
résumer,
résister,
rassembler,
relier,
rêver,
raisonnable,
reporter,
remarquable,
renverser,
résider,
rompre,
résulter,
réaliser,
regarder,
remplacer,
racheter,
regagner,
retrancher,
renfermer,
réitérer,
résolument,
romantique,
réglementer,
réglé,
rhétorique,
raccrocher,
raser,
revivre,
rigoler,
réfléchi,
replacer,
rigide,
regrettable,
réprimer,
rémunérer,
rentable,
redoutable,
révolter,
régner,
ressortir,
rassurer,
rétablir,
régulièrement,
refléter,
raide,
réussi,
reconstruire,
remédier,
restituer,
rendre,
rester,
recouvrir,
redevenir,
restant,
référer,
reculer,
recommander,
redonner,
restaurer,
redouter,
redresser,
ramasser,
recruter,
reconnaissant,
repasser,
réglementaire,
relâcher,
renier,
répliquer,
remercier,
réclamer,
récemment,
recueillir,
rare,
rechercher,
revoir,
renforcer,
rapprocher,
renouveler,
renoncer,
ressembler,
résistant,
rude,
replier,
radioactif,
retraité,
rassurant,
respectueux,
rallier,
réaffirmer,
reconduire,
rarement,
réviser,
rater,
respectif,
récompenser,
réparer,
rouler,
rapporter,
rentrer,
régler,
rejeter,
rouge,
retourner,
répéter,
retirer,
réel,
respecter,
rapide,
réserver,
rembourser,
retomber,
romain,
rattacher,
représentatif,
resserrer,
régulier,
récupérer,
relatif,
régional,
récent,
rire,
relire,
réciproque,
ratifier,
relancer,
rattraper,
régir,
respirer,
refaire,
remporter,
rond,
recourir,
royal,
ralentir,
requérir,
simple,
surtout,
selon,
sûr,
souvent,
sentir,
soutenir,
signifier,
sonner,
serrer,
sauvage,
simplifier,
sale,
soulager,
surprenant,
souffler,
syndical,
super,
susciter,
surprendre,
sensible,
seul,
sous,
suivre,
seulement,
soit,
servir,
sembler,
secouer,
spatial,
surgir,
semer,
succéder,
similaire,
sage,
sacrifier,
sportif,
survenir,
sauter,
spécialement,
spécifique,
stratégique,
suffire,
saisir,
spécial,
supposer,
satisfaire,
social,
sortir,
second,
suédois,
solaire,
stopper,
serré,
signer,
situer,
souligner,
supérieur,
suffisant,
spécialiste,
supprimer,
soudain,
sec,
sacré,
sombre,
soupçonner,
surmonter,
saluer,
spécialiser,
secondaire,
souhaiter,
sérieux,
six,
sauf,
stupide,
surpris,
symbolique,
superbe,
scandaleux,
sécuritaire,
solide,
signaler,
suggérer,
sourire,
sévèrement,
scandaliser,
sonder,
synonyme,
solidaire,
supplier,
superficiel,
symboliser,
substituer,
subtil,
sévir,
susceptible,
strict,
sincèrement,
solitaire,
singulier,
soucieux,
sonore,
sanitaire,
stipuler,
saisonnier,
souterrain,
sur,
se,
son,
si,
savoir,
sans,
strictement,
séduire,
sourd,
siéger,
sable,
substantiel,
silencieux,
seize,
semblable,
scolaire,
survivant,
spectaculaire,
savant,
sanglant,
sauver,
sud,
sérieusement,
surveiller,
soulever,
survivre,
samedi,
soi,
supporter,
sanctionner,
standard,
septième,
sensiblement,
sceptique,
simultanément,
souhaitable,
subit,
suivi,
souscrire,
spontané,
sombrer,
stable,
solliciter,
satisfaisant,
sept,
septembre,
séparer,
scientifique,
simplement,
souvenir,
souffrir,
subir,
soumettre,
systématique,
sixième,
soixante,
subsister,
sincère,
successif,
salarial,
soigneusement,
sélectionner,
saint,
suffisamment,
suspendre,
sévère,
sûrement,
socialiste,
sain,
suivant,
sinon,
soustraire,
sommaire,
stabiliser,
sympathique,
séparatiste,
sortant,
structurel,
spirituel,
stimuler,
spécifier,
souple,
salut,
songer,
sien,
soigner,
suisse,
significatif,
te,
toucher,
travailler,
troisième,
tôt,
toi,
tomber,
traiter,
tuer,
traîner,
téléphoner,
transparent,
tester,
tracer,
traverser,
transformer,
toujours,
tenir,
tu,
trois,
tel,
tant,
trop,
trahir,
transférer,
tolérer,
trancher,
toutefois,
ton,
tenter,
tard,
tirer,
troublant,
triple,
tailler,
touristique,
torturer,
timide,
tellement,
tiens,
tchèque,
tiers,
tromper,
traditionnel,
téléphonique,
trente,
tragique,
terminer,
troubler,
théorique,
terrien,
transmettre,
taxer,
tisser,
triste,
taire,
triompher,
tout,
très,
trouver,
temporaire,
treize,
taper,
transporter,
toxique,
témoigner,
terrible,
totalement,
trembler,
titulaire,
tâcher,
terriblement,
tardif,
transitoire,
terrestre,
tranquille,
technologique,
tandis,
travers,
total,
tourner,
territorial,
traduire,
tendre,
téléviser,
typique,
tantôt,
touchant,
un,
une,
ultime,
urbain,
vivre,
votre,
vrai,
voilà,
vivement,
vaincre,
vouer,
vain,
vert,
vendredi,
vers,
variable,
volontiers,
valable,
voyager,
vendre,
vite,
vraiment,
venger,
virtuel,
vingtième,
verser,
voire,
voler,
volontaire,
valoir,
vulnérable,
vulgaire,
vide,
vendu,
vigilant,
viable,
vêtir,
visuel,
vocal,
vigoureux,
veiller,
via,
vous,
vouloir,
voir,
venir,
vider,
vanter,
varier,
vieillir,
véhiculer,
venu,
vérifier,
voter,
vingt,
visiter,
verbal,
vôtre,
voiler,
vital,
véritable,
viser,
vieux,
virer,
visiblement,
voici,
vif,
vaste,
vivant,
visible,
zigzag,